date,close
02-Jan-86,14
03-Jan-86,3
06-Jan-86,17
07-Jan-86,11
08-Jan-86,17
09-Jan-86,1
10-Jan-86,17
13-Jan-86,9
14-Jan-86,14
15-Jan-86,18
16-Jan-86,17
17-Jan-86,6
20-Jan-86,15
21-Jan-86,19
22-Jan-86,6
23-Jan-86,7
24-Jan-86,12
27-Jan-86,11
28-Jan-86,8
29-Jan-86,2
30-Jan-86,10
31-Jan-86,9
03-Feb-86,7
04-Feb-86,10
05-Feb-86,9
06-Feb-86,19
07-Feb-86,0
10-Feb-86,6
11-Feb-86,0
12-Feb-86,8
13-Feb-86,12
14-Feb-86,13
18-Feb-86,19
19-Feb-86,17
20-Feb-86,0
21-Feb-86,6
24-Feb-86,9
25-Feb-86,14
26-Feb-86,13
27-Feb-86,2
28-Feb-86,3
03-Mar-86,11
04-Mar-86,14
05-Mar-86,6
06-Mar-86,4
07-Mar-86,7
10-Mar-86,8
11-Mar-86,15
12-Mar-86,19
13-Mar-86,8
14-Mar-86,2
17-Mar-86,11
18-Mar-86,3
19-Mar-86,4
20-Mar-86,13
21-Mar-86,6
24-Mar-86,17
25-Mar-86,13
26-Mar-86,17
27-Mar-86,9
31-Mar-86,15
01-Apr-86,8
02-Apr-86,12
03-Apr-86,13
04-Apr-86,3
07-Apr-86,7
08-Apr-86,19
09-Apr-86,3
10-Apr-86,1
11-Apr-86,18
14-Apr-86,15
15-Apr-86,19
16-Apr-86,13
17-Apr-86,14
18-Apr-86,14
21-Apr-86,6
22-Apr-86,8
23-Apr-86,5
24-Apr-86,2
25-Apr-86,13
28-Apr-86,18
29-Apr-86,1
30-Apr-86,0
01-May-86,10
02-May-86,5
05-May-86,9
06-May-86,5
07-May-86,5
08-May-86,4
09-May-86,19
12-May-86,5
13-May-86,12
14-May-86,2
15-May-86,19
16-May-86,1
19-May-86,15
20-May-86,3
21-May-86,4
22-May-86,18
23-May-86,19
27-May-86,15
28-May-86,16
29-May-86,7
30-May-86,15
02-Jun-86,2
03-Jun-86,3
04-Jun-86,8
05-Jun-86,19
06-Jun-86,8
09-Jun-86,10
10-Jun-86,15
11-Jun-86,0
12-Jun-86,14
13-Jun-86,10
16-Jun-86,3
17-Jun-86,4
18-Jun-86,4
19-Jun-86,10
20-Jun-86,10
23-Jun-86,8
24-Jun-86,16
25-Jun-86,16
26-Jun-86,19
27-Jun-86,3
30-Jun-86,3
01-Jul-86,8
02-Jul-86,13
03-Jul-86,5
07-Jul-86,15
08-Jul-86,6
09-Jul-86,15
10-Jul-86,12
11-Jul-86,17
14-Jul-86,19
15-Jul-86,16
16-Jul-86,10
17-Jul-86,4
18-Jul-86,5
21-Jul-86,12
22-Jul-86,11
23-Jul-86,10
24-Jul-86,10
25-Jul-86,0
28-Jul-86,12
29-Jul-86,9
30-Jul-86,10
31-Jul-86,2
01-Aug-86,4
04-Aug-86,0
05-Aug-86,0
06-Aug-86,37
07-Aug-86,38
08-Aug-86,27
11-Aug-86,23
12-Aug-86,48
13-Aug-86,47
14-Aug-86,28
15-Aug-86,44
18-Aug-86,28
19-Aug-86,30
20-Aug-86,20
21-Aug-86,43
22-Aug-86,49
25-Aug-86,31
26-Aug-86,31
27-Aug-86,56
28-Aug-86,64
29-Aug-86,107
02-Sep-86,131
03-Sep-86,72
04-Sep-86,65
05-Sep-86,74
08-Sep-86,101
09-Sep-86,71
10-Sep-86,66
11-Sep-86,88
12-Sep-86,143
15-Sep-86,136
16-Sep-86,92
17-Sep-86,61
18-Sep-86,135
19-Sep-86,96
22-Sep-86,111
23-Sep-86,97
24-Sep-86,58
25-Sep-86,85
26-Sep-86,129
29-Sep-86,50
30-Sep-86,62
01-Oct-86,130
02-Oct-86,81
03-Oct-86,65
06-Oct-86,134
07-Oct-86,66
08-Oct-86,59
09-Oct-86,101
10-Oct-86,108
13-Oct-86,144
14-Oct-86,113
15-Oct-86,53
16-Oct-86,30
17-Oct-86,30
20-Oct-86,25
21-Oct-86,42
22-Oct-86,43
23-Oct-86,42
24-Oct-86,24
27-Oct-86,33
28-Oct-86,24
29-Oct-86,24
30-Oct-86,35
31-Oct-86,49
03-Nov-86,24
04-Nov-86,32
05-Nov-86,33
06-Nov-86,4
07-Nov-86,10
10-Nov-86,5
11-Nov-86,9
12-Nov-86,12
13-Nov-86,19
14-Nov-86,14
17-Nov-86,2
18-Nov-86,17
19-Nov-86,13
20-Nov-86,13
21-Nov-86,2
24-Nov-86,16
25-Nov-86,12
26-Nov-86,15
28-Nov-86,0
01-Dec-86,4
02-Dec-86,17
03-Dec-86,8
04-Dec-86,13
05-Dec-86,8
08-Dec-86,3
09-Dec-86,19
10-Dec-86,19
11-Dec-86,13
12-Dec-86,0
15-Dec-86,6
16-Dec-86,0
17-Dec-86,7
18-Dec-86,7
19-Dec-86,6
22-Dec-86,15
23-Dec-86,12
24-Dec-86,19
26-Dec-86,9
29-Dec-86,2
30-Dec-86,5
31-Dec-86,5
02-Jan-87,10
05-Jan-87,4
06-Jan-87,9
07-Jan-87,5
08-Jan-87,6
09-Jan-87,1
12-Jan-87,7
13-Jan-87,7
14-Jan-87,13
15-Jan-87,4
16-Jan-87,12
19-Jan-87,12
20-Jan-87,6
21-Jan-87,0
22-Jan-87,2
23-Jan-87,17
26-Jan-87,14
27-Jan-87,14
28-Jan-87,3
29-Jan-87,3
30-Jan-87,13
02-Feb-87,2
03-Feb-87,4
04-Feb-87,8
05-Feb-87,19
06-Feb-87,12
09-Feb-87,3
10-Feb-87,6
11-Feb-87,19
12-Feb-87,13
13-Feb-87,2
17-Feb-87,18
18-Feb-87,14
19-Feb-87,2
20-Feb-87,15
23-Feb-87,10
24-Feb-87,2
25-Feb-87,8
26-Feb-87,17
27-Feb-87,3
02-Mar-87,19
03-Mar-87,9
04-Mar-87,4
05-Mar-87,12
06-Mar-87,6
09-Mar-87,13
10-Mar-87,4
11-Mar-87,15
12-Mar-87,12
13-Mar-87,1
16-Mar-87,10
17-Mar-87,7
18-Mar-87,5
19-Mar-87,0
20-Mar-87,4
23-Mar-87,5
24-Mar-87,5
25-Mar-87,11
26-Mar-87,1
27-Mar-87,15
30-Mar-87,3
31-Mar-87,3
01-Apr-87,12
02-Apr-87,18
03-Apr-87,12
06-Apr-87,7
07-Apr-87,1
08-Apr-87,11
09-Apr-87,18
10-Apr-87,19
13-Apr-87,17
14-Apr-87,16
15-Apr-87,10
16-Apr-87,19
20-Apr-87,3
21-Apr-87,15
22-Apr-87,11
23-Apr-87,1
24-Apr-87,19
27-Apr-87,15
28-Apr-87,5
29-Apr-87,7
30-Apr-87,6
01-May-87,7
04-May-87,12
05-May-87,19
06-May-87,13
07-May-87,16
08-May-87,12
11-May-87,11
12-May-87,19
13-May-87,18
14-May-87,0
15-May-87,19
18-May-87,14
19-May-87,17
20-May-87,2
21-May-87,16
22-May-87,17
26-May-87,8
27-May-87,3
28-May-87,4
29-May-87,15
01-Jun-87,18
02-Jun-87,19
03-Jun-87,15
04-Jun-87,10
05-Jun-87,17
08-Jun-87,18
09-Jun-87,12
10-Jun-87,2
11-Jun-87,11
12-Jun-87,8
15-Jun-87,4
16-Jun-87,4
17-Jun-87,7
18-Jun-87,19
19-Jun-87,2
22-Jun-87,10
23-Jun-87,15
24-Jun-87,3
25-Jun-87,13
26-Jun-87,8
29-Jun-87,7
30-Jun-87,11
01-Jul-87,18
02-Jul-87,4
06-Jul-87,15
07-Jul-87,10
08-Jul-87,8
09-Jul-87,18
10-Jul-87,16
13-Jul-87,6
14-Jul-87,12
15-Jul-87,15
16-Jul-87,9
17-Jul-87,0
20-Jul-87,17
21-Jul-87,0
22-Jul-87,8
23-Jul-87,16
24-Jul-87,9
27-Jul-87,17
28-Jul-87,6
29-Jul-87,15
30-Jul-87,2
31-Jul-87,11
03-Aug-87,6
04-Aug-87,6
05-Aug-87,2
06-Aug-87,16
07-Aug-87,4
10-Aug-87,12
11-Aug-87,4
12-Aug-87,1
13-Aug-87,2
14-Aug-87,12
17-Aug-87,15
18-Aug-87,6
19-Aug-87,8
20-Aug-87,4
21-Aug-87,4
24-Aug-87,17
25-Aug-87,13
26-Aug-87,2
27-Aug-87,18
28-Aug-87,6
31-Aug-87,5
01-Sep-87,17
02-Sep-87,0
03-Sep-87,5
04-Sep-87,1
08-Sep-87,3
09-Sep-87,1
10-Sep-87,0
11-Sep-87,3
14-Sep-87,4
15-Sep-87,6
16-Sep-87,7
17-Sep-87,2
18-Sep-87,5
21-Sep-87,19
22-Sep-87,5
23-Sep-87,6
24-Sep-87,9
25-Sep-87,17
28-Sep-87,9
29-Sep-87,12
30-Sep-87,15
01-Oct-87,3
02-Oct-87,1
05-Oct-87,4
06-Oct-87,10
07-Oct-87,4
08-Oct-87,5
09-Oct-87,6
12-Oct-87,2
13-Oct-87,15
14-Oct-87,15
15-Oct-87,11
16-Oct-87,8
19-Oct-87,0
20-Oct-87,13
21-Oct-87,16
22-Oct-87,11
23-Oct-87,7
26-Oct-87,4
27-Oct-87,12
28-Oct-87,16
29-Oct-87,15
30-Oct-87,0
02-Nov-87,10
03-Nov-87,7
04-Nov-87,4
05-Nov-87,17
06-Nov-87,17
09-Nov-87,7
10-Nov-87,15
11-Nov-87,8
12-Nov-87,11
13-Nov-87,8
16-Nov-87,17
17-Nov-87,8
18-Nov-87,16
19-Nov-87,19
20-Nov-87,7
23-Nov-87,18
24-Nov-87,11
25-Nov-87,9
27-Nov-87,2
30-Nov-87,10
01-Dec-87,1
02-Dec-87,15
03-Dec-87,7
04-Dec-87,1
07-Dec-87,1
08-Dec-87,6
09-Dec-87,4
10-Dec-87,0
11-Dec-87,0
14-Dec-87,11
15-Dec-87,3
16-Dec-87,3
17-Dec-87,6
18-Dec-87,17
21-Dec-87,2
22-Dec-87,18
23-Dec-87,5
24-Dec-87,2
28-Dec-87,15
29-Dec-87,14
30-Dec-87,4
31-Dec-87,18
04-Jan-88,10
05-Jan-88,3
06-Jan-88,6
07-Jan-88,14
08-Jan-88,18
11-Jan-88,16
12-Jan-88,5
13-Jan-88,8
14-Jan-88,1
15-Jan-88,26
18-Jan-88,34
19-Jan-88,38
20-Jan-88,34
21-Jan-88,44
22-Jan-88,29
25-Jan-88,34
26-Jan-88,31
27-Jan-88,25
28-Jan-88,27
29-Jan-88,20
01-Feb-88,26
02-Feb-88,37
03-Feb-88,33
04-Feb-88,47
05-Feb-88,78
08-Feb-88,84
09-Feb-88,147
10-Feb-88,76
11-Feb-88,115
12-Feb-88,82
16-Feb-88,86
17-Feb-88,141
18-Feb-88,92
19-Feb-88,113
22-Feb-88,94
23-Feb-88,110
24-Feb-88,78
25-Feb-88,130
26-Feb-88,124
29-Feb-88,69
01-Mar-88,114
02-Mar-88,122
03-Mar-88,111
04-Mar-88,147
07-Mar-88,126
08-Mar-88,132
09-Mar-88,92
10-Mar-88,79
11-Mar-88,95
14-Mar-88,148
15-Mar-88,63
16-Mar-88,95
17-Mar-88,107
18-Mar-88,67
21-Mar-88,105
22-Mar-88,111
23-Mar-88,73
24-Mar-88,58
25-Mar-88,137
28-Mar-88,20
29-Mar-88,30
30-Mar-88,43
31-Mar-88,25
04-Apr-88,47
05-Apr-88,46
06-Apr-88,29
07-Apr-88,30
08-Apr-88,39
11-Apr-88,42
12-Apr-88,45
13-Apr-88,43
14-Apr-88,36
15-Apr-88,34
18-Apr-88,30
19-Apr-88,10
20-Apr-88,6
21-Apr-88,15
22-Apr-88,12
25-Apr-88,14
26-Apr-88,5
27-Apr-88,9
28-Apr-88,19
29-Apr-88,10
02-May-88,16
03-May-88,0
04-May-88,11
05-May-88,19
06-May-88,3
09-May-88,10
10-May-88,13
11-May-88,3
12-May-88,11
13-May-88,17
16-May-88,5
17-May-88,13
18-May-88,1
19-May-88,1
20-May-88,11
23-May-88,0
24-May-88,16
25-May-88,3
26-May-88,12
27-May-88,0
31-May-88,17
01-Jun-88,1
02-Jun-88,7
03-Jun-88,17
06-Jun-88,5
07-Jun-88,3
08-Jun-88,13
09-Jun-88,19
10-Jun-88,2
13-Jun-88,8
14-Jun-88,4
15-Jun-88,14
16-Jun-88,14
17-Jun-88,6
20-Jun-88,11
21-Jun-88,7
22-Jun-88,9
23-Jun-88,6
24-Jun-88,15
27-Jun-88,3
28-Jun-88,5
29-Jun-88,7
30-Jun-88,5
01-Jul-88,14
05-Jul-88,18
06-Jul-88,16
07-Jul-88,0
08-Jul-88,18
11-Jul-88,7
12-Jul-88,8
13-Jul-88,3
14-Jul-88,2
15-Jul-88,19
18-Jul-88,14
19-Jul-88,6
20-Jul-88,17
21-Jul-88,17
22-Jul-88,13
25-Jul-88,9
26-Jul-88,7
27-Jul-88,6
28-Jul-88,6
29-Jul-88,6
01-Aug-88,13
02-Aug-88,15
03-Aug-88,7
04-Aug-88,5
05-Aug-88,4
08-Aug-88,18
09-Aug-88,14
10-Aug-88,0
11-Aug-88,4
12-Aug-88,12
15-Aug-88,7
16-Aug-88,0
17-Aug-88,6
18-Aug-88,14
19-Aug-88,18
22-Aug-88,9
23-Aug-88,0
24-Aug-88,4
25-Aug-88,9
26-Aug-88,8
29-Aug-88,3
30-Aug-88,13
31-Aug-88,4
01-Sep-88,3
02-Sep-88,1
06-Sep-88,13
07-Sep-88,5
08-Sep-88,9
09-Sep-88,5
12-Sep-88,7
13-Sep-88,6
14-Sep-88,4
15-Sep-88,12
16-Sep-88,19
19-Sep-88,5
20-Sep-88,11
21-Sep-88,8
22-Sep-88,7
23-Sep-88,19
26-Sep-88,8
27-Sep-88,14
28-Sep-88,0
29-Sep-88,16
30-Sep-88,10
03-Oct-88,4
04-Oct-88,11
05-Oct-88,15
06-Oct-88,14
07-Oct-88,17
10-Oct-88,16
11-Oct-88,5
12-Oct-88,19
13-Oct-88,8
14-Oct-88,12
17-Oct-88,18
18-Oct-88,7
19-Oct-88,11
20-Oct-88,6
21-Oct-88,10
24-Oct-88,16
25-Oct-88,4
26-Oct-88,11
27-Oct-88,9
28-Oct-88,11
31-Oct-88,9
01-Nov-88,10
02-Nov-88,14
03-Nov-88,19
04-Nov-88,17
07-Nov-88,12
08-Nov-88,13
09-Nov-88,6
10-Nov-88,2
11-Nov-88,4
14-Nov-88,11
15-Nov-88,8
16-Nov-88,15
17-Nov-88,11
18-Nov-88,13
21-Nov-88,16
22-Nov-88,9
23-Nov-88,3
25-Nov-88,12
28-Nov-88,18
29-Nov-88,6
30-Nov-88,17
01-Dec-88,5
02-Dec-88,17
05-Dec-88,14
06-Dec-88,12
07-Dec-88,13
08-Dec-88,6
09-Dec-88,18
12-Dec-88,12
13-Dec-88,6
14-Dec-88,9
15-Dec-88,5
16-Dec-88,7
19-Dec-88,18
20-Dec-88,13
21-Dec-88,1
22-Dec-88,9
23-Dec-88,19
27-Dec-88,6
28-Dec-88,2
29-Dec-88,10
30-Dec-88,16
03-Jan-89,0
04-Jan-89,13
05-Jan-89,0
06-Jan-89,7
09-Jan-89,13
10-Jan-89,12
11-Jan-89,17
12-Jan-89,7
13-Jan-89,3
16-Jan-89,12
17-Jan-89,19
18-Jan-89,16
19-Jan-89,1
20-Jan-89,2
23-Jan-89,19
24-Jan-89,13
25-Jan-89,4
26-Jan-89,18
27-Jan-89,3
30-Jan-89,14
31-Jan-89,12
01-Feb-89,5
02-Feb-89,7
03-Feb-89,10
06-Feb-89,3
07-Feb-89,18
08-Feb-89,13
09-Feb-89,6
10-Feb-89,4
13-Feb-89,3
14-Feb-89,12
15-Feb-89,6
16-Feb-89,13
17-Feb-89,9
21-Feb-89,10
22-Feb-89,11
23-Feb-89,16
24-Feb-89,6
27-Feb-89,18
28-Feb-89,14
01-Mar-89,10
02-Mar-89,9
03-Mar-89,13
06-Mar-89,12
07-Mar-89,11
08-Mar-89,15
09-Mar-89,14
10-Mar-89,7
13-Mar-89,17
14-Mar-89,0
15-Mar-89,19
16-Mar-89,16
17-Mar-89,16
20-Mar-89,11
21-Mar-89,2
22-Mar-89,1
23-Mar-89,7
27-Mar-89,7
28-Mar-89,18
29-Mar-89,13
30-Mar-89,9
31-Mar-89,2
03-Apr-89,19
04-Apr-89,6
05-Apr-89,12
06-Apr-89,15
07-Apr-89,11
10-Apr-89,18
11-Apr-89,6
12-Apr-89,11
13-Apr-89,17
14-Apr-89,17
17-Apr-89,5
18-Apr-89,15
19-Apr-89,2
20-Apr-89,5
21-Apr-89,0
24-Apr-89,17
25-Apr-89,11
26-Apr-89,3
27-Apr-89,13
28-Apr-89,0
01-May-89,6
02-May-89,17
03-May-89,11
04-May-89,9
05-May-89,0
08-May-89,13
09-May-89,5
10-May-89,7
11-May-89,2
12-May-89,1
15-May-89,12
16-May-89,17
17-May-89,15
18-May-89,7
19-May-89,15
22-May-89,7
23-May-89,13
24-May-89,11
25-May-89,9
26-May-89,3
30-May-89,7
31-May-89,14
01-Jun-89,2
02-Jun-89,5
05-Jun-89,3
06-Jun-89,18
07-Jun-89,19
08-Jun-89,16
09-Jun-89,4
12-Jun-89,12
13-Jun-89,16
14-Jun-89,18
15-Jun-89,18
16-Jun-89,5
19-Jun-89,7
20-Jun-89,13
21-Jun-89,9
22-Jun-89,11
23-Jun-89,19
26-Jun-89,20
27-Jun-89,40
28-Jun-89,47
29-Jun-89,45
30-Jun-89,22
03-Jul-89,49
05-Jul-89,32
06-Jul-89,25
07-Jul-89,41
10-Jul-89,44
11-Jul-89,43
12-Jul-89,24
13-Jul-89,22
14-Jul-89,28
17-Jul-89,44
18-Jul-89,146
19-Jul-89,81
20-Jul-89,146
21-Jul-89,134
24-Jul-89,63
25-Jul-89,146
26-Jul-89,104
27-Jul-89,128
28-Jul-89,133
31-Jul-89,72
01-Aug-89,142
02-Aug-89,65
03-Aug-89,50
04-Aug-89,135
07-Aug-89,70
08-Aug-89,87
09-Aug-89,149
10-Aug-89,107
11-Aug-89,92
14-Aug-89,116
15-Aug-89,146
16-Aug-89,98
17-Aug-89,106
18-Aug-89,60
21-Aug-89,109
22-Aug-89,87
23-Aug-89,118
24-Aug-89,51
25-Aug-89,61
28-Aug-89,66
29-Aug-89,134
30-Aug-89,71
31-Aug-89,130
01-Sep-89,83
05-Sep-89,115
06-Sep-89,34
07-Sep-89,31
08-Sep-89,48
11-Sep-89,22
12-Sep-89,38
13-Sep-89,23
14-Sep-89,24
15-Sep-89,32
18-Sep-89,33
19-Sep-89,38
20-Sep-89,34
21-Sep-89,32
22-Sep-89,49
25-Sep-89,22
26-Sep-89,44
27-Sep-89,2
28-Sep-89,0
29-Sep-89,14
02-Oct-89,19
03-Oct-89,7
04-Oct-89,4
05-Oct-89,11
06-Oct-89,12
09-Oct-89,11
10-Oct-89,6
11-Oct-89,15
12-Oct-89,17
13-Oct-89,7
16-Oct-89,17
17-Oct-89,17
18-Oct-89,15
19-Oct-89,17
20-Oct-89,9
23-Oct-89,3
24-Oct-89,8
25-Oct-89,8
26-Oct-89,0
27-Oct-89,6
30-Oct-89,8
31-Oct-89,14
01-Nov-89,3
02-Nov-89,9
03-Nov-89,2
06-Nov-89,15
07-Nov-89,4
08-Nov-89,3
09-Nov-89,7
10-Nov-89,9
13-Nov-89,6
14-Nov-89,15
15-Nov-89,18
16-Nov-89,6
17-Nov-89,19
20-Nov-89,3
21-Nov-89,8
22-Nov-89,1
24-Nov-89,18
27-Nov-89,11
28-Nov-89,6
29-Nov-89,0
30-Nov-89,13
01-Dec-89,3
04-Dec-89,9
05-Dec-89,2
06-Dec-89,8
07-Dec-89,3
08-Dec-89,11
11-Dec-89,13
12-Dec-89,7
13-Dec-89,19
14-Dec-89,7
15-Dec-89,6
18-Dec-89,8
19-Dec-89,18
20-Dec-89,19
21-Dec-89,11
22-Dec-89,5
26-Dec-89,2
27-Dec-89,0
28-Dec-89,0
29-Dec-89,5
02-Jan-90,17
03-Jan-90,19
04-Jan-90,14
05-Jan-90,8
08-Jan-90,19
09-Jan-90,18
10-Jan-90,5
11-Jan-90,4
12-Jan-90,12
15-Jan-90,17
16-Jan-90,5
17-Jan-90,5
18-Jan-90,6
19-Jan-90,11
22-Jan-90,6
23-Jan-90,0
24-Jan-90,18
25-Jan-90,8
26-Jan-90,6
29-Jan-90,0
30-Jan-90,15
31-Jan-90,19
01-Feb-90,3
02-Feb-90,1
05-Feb-90,0
06-Feb-90,14
07-Feb-90,18
08-Feb-90,2
09-Feb-90,12
12-Feb-90,5
13-Feb-90,3
14-Feb-90,4
15-Feb-90,2
16-Feb-90,5
20-Feb-90,6
21-Feb-90,15
22-Feb-90,6
23-Feb-90,7
26-Feb-90,14
27-Feb-90,8
28-Feb-90,16
01-Mar-90,16
02-Mar-90,8
05-Mar-90,8
06-Mar-90,19
07-Mar-90,9
08-Mar-90,18
09-Mar-90,5
12-Mar-90,7
13-Mar-90,5
14-Mar-90,16
15-Mar-90,14
16-Mar-90,19
19-Mar-90,10
20-Mar-90,14
21-Mar-90,0
22-Mar-90,6
23-Mar-90,1
26-Mar-90,11
27-Mar-90,2
28-Mar-90,10
29-Mar-90,2
30-Mar-90,18
02-Apr-90,12
03-Apr-90,1
04-Apr-90,8
05-Apr-90,16
06-Apr-90,19
09-Apr-90,8
10-Apr-90,9
11-Apr-90,5
12-Apr-90,19
16-Apr-90,9
17-Apr-90,9
18-Apr-90,2
19-Apr-90,3
20-Apr-90,17
23-Apr-90,3
24-Apr-90,6
25-Apr-90,6
26-Apr-90,2
27-Apr-90,8
30-Apr-90,11
01-May-90,2
02-May-90,9
03-May-90,18
04-May-90,15
07-May-90,17
08-May-90,4
09-May-90,0
10-May-90,0
11-May-90,5
14-May-90,14
15-May-90,16
16-May-90,13
17-May-90,4
18-May-90,19
21-May-90,12
22-May-90,6
23-May-90,1
24-May-90,1
25-May-90,6
29-May-90,6
30-May-90,13
31-May-90,3
01-Jun-90,18
04-Jun-90,10
05-Jun-90,10
06-Jun-90,5
07-Jun-90,1
08-Jun-90,9
11-Jun-90,19
12-Jun-90,8
13-Jun-90,15
14-Jun-90,18
15-Jun-90,8
18-Jun-90,3
19-Jun-90,17
20-Jun-90,6
21-Jun-90,5
22-Jun-90,10
25-Jun-90,17
26-Jun-90,7
27-Jun-90,17
28-Jun-90,3
29-Jun-90,13
02-Jul-90,16
03-Jul-90,17
05-Jul-90,6
06-Jul-90,17
09-Jul-90,13
10-Jul-90,8
11-Jul-90,18
12-Jul-90,0
13-Jul-90,13
16-Jul-90,9
17-Jul-90,4
18-Jul-90,9
19-Jul-90,6
20-Jul-90,15
23-Jul-90,5
24-Jul-90,8
25-Jul-90,9
26-Jul-90,2
27-Jul-90,12
30-Jul-90,4
31-Jul-90,11
01-Aug-90,3
02-Aug-90,9
03-Aug-90,17
06-Aug-90,11
07-Aug-90,8
08-Aug-90,1
09-Aug-90,13
10-Aug-90,1
13-Aug-90,3
14-Aug-90,13
15-Aug-90,6
16-Aug-90,6
17-Aug-90,2
20-Aug-90,8
21-Aug-90,12
22-Aug-90,1
23-Aug-90,1
24-Aug-90,5
27-Aug-90,17
28-Aug-90,17
29-Aug-90,4
30-Aug-90,18
31-Aug-90,16
04-Sep-90,16
05-Sep-90,13
06-Sep-90,19
07-Sep-90,2
10-Sep-90,12
11-Sep-90,8
12-Sep-90,6
13-Sep-90,6
14-Sep-90,0
17-Sep-90,16
18-Sep-90,17
19-Sep-90,12
20-Sep-90,1
21-Sep-90,13
24-Sep-90,8
25-Sep-90,4
26-Sep-90,9
27-Sep-90,14
28-Sep-90,13
01-Oct-90,8
02-Oct-90,4
03-Oct-90,8
04-Oct-90,13
05-Oct-90,11
08-Oct-90,14
09-Oct-90,7
10-Oct-90,17
11-Oct-90,8
12-Oct-90,4
15-Oct-90,18
16-Oct-90,12
17-Oct-90,10
18-Oct-90,5
19-Oct-90,14
22-Oct-90,15
23-Oct-90,5
24-Oct-90,7
25-Oct-90,8
26-Oct-90,10
29-Oct-90,5
30-Oct-90,10
31-Oct-90,6
01-Nov-90,13
02-Nov-90,9
05-Nov-90,5
06-Nov-90,0
07-Nov-90,4
08-Nov-90,2
09-Nov-90,1
12-Nov-90,15
13-Nov-90,18
14-Nov-90,9
15-Nov-90,10
16-Nov-90,11
19-Nov-90,8
20-Nov-90,11
21-Nov-90,19
23-Nov-90,3
26-Nov-90,11
27-Nov-90,16
28-Nov-90,4
29-Nov-90,14
30-Nov-90,3
03-Dec-90,11
04-Dec-90,31
05-Dec-90,29
06-Dec-90,29
07-Dec-90,47
10-Dec-90,48
11-Dec-90,47
12-Dec-90,45
13-Dec-90,44
14-Dec-90,41
17-Dec-90,34
18-Dec-90,24
19-Dec-90,41
20-Dec-90,32
21-Dec-90,25
24-Dec-90,43
26-Dec-90,94
27-Dec-90,81
28-Dec-90,67
31-Dec-90,146
02-Jan-91,117
03-Jan-91,74
04-Jan-91,148
07-Jan-91,139
08-Jan-91,147
09-Jan-91,119
10-Jan-91,135
11-Jan-91,67
14-Jan-91,117
15-Jan-91,84
16-Jan-91,130
17-Jan-91,64
18-Jan-91,149
21-Jan-91,74
22-Jan-91,69
23-Jan-91,63
24-Jan-91,52
25-Jan-91,63
28-Jan-91,114
29-Jan-91,77
30-Jan-91,107
31-Jan-91,143
01-Feb-91,125
04-Feb-91,97
05-Feb-91,82
06-Feb-91,69
07-Feb-91,98
08-Feb-91,85
11-Feb-91,54
12-Feb-91,123
13-Feb-91,88
14-Feb-91,26
15-Feb-91,45
19-Feb-91,47
20-Feb-91,38
21-Feb-91,26
22-Feb-91,43
25-Feb-91,24
26-Feb-91,46
27-Feb-91,40
28-Feb-91,40
01-Mar-91,38
04-Mar-91,37
05-Mar-91,39
06-Mar-91,26
07-Mar-91,26
08-Mar-91,3
11-Mar-91,13
12-Mar-91,16
13-Mar-91,3
14-Mar-91,9
15-Mar-91,18
18-Mar-91,15
19-Mar-91,1
20-Mar-91,18
21-Mar-91,9
22-Mar-91,11
25-Mar-91,17
26-Mar-91,7
27-Mar-91,0
28-Mar-91,4
01-Apr-91,9
02-Apr-91,2
03-Apr-91,13
04-Apr-91,14
05-Apr-91,19
08-Apr-91,10
09-Apr-91,14
10-Apr-91,19
11-Apr-91,4
12-Apr-91,9
15-Apr-91,15
16-Apr-91,7
17-Apr-91,11
18-Apr-91,13
19-Apr-91,8
22-Apr-91,12
23-Apr-91,18
24-Apr-91,2
25-Apr-91,5
26-Apr-91,11
29-Apr-91,9
30-Apr-91,14
01-May-91,4
02-May-91,14
03-May-91,15
06-May-91,6
07-May-91,10
08-May-91,16
09-May-91,17
10-May-91,13
13-May-91,12
14-May-91,14
15-May-91,3
16-May-91,18
17-May-91,11
20-May-91,12
21-May-91,12
22-May-91,3
23-May-91,18
24-May-91,15
28-May-91,13
29-May-91,19
30-May-91,15
31-May-91,4
03-Jun-91,7
04-Jun-91,3
05-Jun-91,0
06-Jun-91,5
07-Jun-91,1
10-Jun-91,1
11-Jun-91,7
12-Jun-91,2
13-Jun-91,4
14-Jun-91,5
17-Jun-91,0
18-Jun-91,14
19-Jun-91,5
20-Jun-91,8
21-Jun-91,10
24-Jun-91,3
25-Jun-91,18
26-Jun-91,17
27-Jun-91,17
28-Jun-91,4
01-Jul-91,1
02-Jul-91,18
03-Jul-91,11
05-Jul-91,2
08-Jul-91,17
09-Jul-91,16
10-Jul-91,16
11-Jul-91,9
12-Jul-91,3
15-Jul-91,7
16-Jul-91,14
17-Jul-91,11
18-Jul-91,12
19-Jul-91,8
22-Jul-91,8
23-Jul-91,9
24-Jul-91,7
25-Jul-91,7
26-Jul-91,14
29-Jul-91,1
30-Jul-91,5
31-Jul-91,19
01-Aug-91,18
02-Aug-91,8
05-Aug-91,0
06-Aug-91,16
07-Aug-91,10
08-Aug-91,8
09-Aug-91,9
12-Aug-91,12
13-Aug-91,18
14-Aug-91,9
15-Aug-91,17
16-Aug-91,17
19-Aug-91,3
20-Aug-91,12
21-Aug-91,6
22-Aug-91,14
23-Aug-91,13
26-Aug-91,0
27-Aug-91,13
28-Aug-91,16
29-Aug-91,16
30-Aug-91,0
03-Sep-91,11
04-Sep-91,7
05-Sep-91,9
06-Sep-91,0
09-Sep-91,0
10-Sep-91,5
11-Sep-91,11
12-Sep-91,4
13-Sep-91,11
16-Sep-91,14
17-Sep-91,11
18-Sep-91,10
19-Sep-91,12
20-Sep-91,1
23-Sep-91,17
24-Sep-91,16
25-Sep-91,14
26-Sep-91,18
27-Sep-91,4
30-Sep-91,4
01-Oct-91,17
02-Oct-91,16
03-Oct-91,2
04-Oct-91,14
07-Oct-91,11
08-Oct-91,5
09-Oct-91,19
10-Oct-91,11
11-Oct-91,8
14-Oct-91,11
15-Oct-91,2
16-Oct-91,15
17-Oct-91,0
18-Oct-91,1
21-Oct-91,9
22-Oct-91,2
23-Oct-91,12
24-Oct-91,3
25-Oct-91,9
28-Oct-91,11
29-Oct-91,9
30-Oct-91,6
31-Oct-91,14
01-Nov-91,1
04-Nov-91,16
05-Nov-91,16
06-Nov-91,12
07-Nov-91,5
08-Nov-91,13
11-Nov-91,2
12-Nov-91,14
13-Nov-91,15
14-Nov-91,3
15-Nov-91,18
18-Nov-91,13
19-Nov-91,16
20-Nov-91,15
21-Nov-91,12
22-Nov-91,13
25-Nov-91,0
26-Nov-91,0
27-Nov-91,16
29-Nov-91,7
02-Dec-91,5
03-Dec-91,6
04-Dec-91,2
05-Dec-91,14
06-Dec-91,12
09-Dec-91,14
10-Dec-91,0
11-Dec-91,12
12-Dec-91,6
13-Dec-91,2
16-Dec-91,19
17-Dec-91,8
18-Dec-91,14
19-Dec-91,18
20-Dec-91,12
23-Dec-91,17
24-Dec-91,12
26-Dec-91,17
27-Dec-91,5
30-Dec-91,12
31-Dec-91,9
02-Jan-92,4
03-Jan-92,4
06-Jan-92,10
07-Jan-92,2
08-Jan-92,19
09-Jan-92,12
10-Jan-92,16
13-Jan-92,6
14-Jan-92,5
15-Jan-92,14
16-Jan-92,8
17-Jan-92,16
20-Jan-92,7
21-Jan-92,9
22-Jan-92,16
23-Jan-92,0
24-Jan-92,12
27-Jan-92,12
28-Jan-92,0
29-Jan-92,17
30-Jan-92,7
31-Jan-92,16
03-Feb-92,11
04-Feb-92,11
05-Feb-92,16
06-Feb-92,10
07-Feb-92,14
10-Feb-92,2
11-Feb-92,8
12-Feb-92,10
13-Feb-92,3
14-Feb-92,18
18-Feb-92,3
19-Feb-92,14
20-Feb-92,4
21-Feb-92,16
24-Feb-92,19
25-Feb-92,16
26-Feb-92,10
27-Feb-92,13
28-Feb-92,11
02-Mar-92,17
03-Mar-92,19
04-Mar-92,18
05-Mar-92,17
06-Mar-92,18
09-Mar-92,14
10-Mar-92,8
11-Mar-92,16
12-Mar-92,9
13-Mar-92,18
16-Mar-92,0
17-Mar-92,12
18-Mar-92,1
19-Mar-92,9
20-Mar-92,13
23-Mar-92,3
24-Mar-92,9
25-Mar-92,11
26-Mar-92,5
27-Mar-92,16
30-Mar-92,18
31-Mar-92,5
01-Apr-92,2
02-Apr-92,10
03-Apr-92,15
06-Apr-92,19
07-Apr-92,10
08-Apr-92,7
09-Apr-92,17
10-Apr-92,2
13-Apr-92,5
14-Apr-92,17
15-Apr-92,18
16-Apr-92,2
20-Apr-92,1
21-Apr-92,5
22-Apr-92,7
23-Apr-92,16
24-Apr-92,14
27-Apr-92,15
28-Apr-92,17
29-Apr-92,17
30-Apr-92,11
01-May-92,5
04-May-92,3
05-May-92,10
06-May-92,5
07-May-92,7
08-May-92,18
11-May-92,18
12-May-92,18
13-May-92,18
14-May-92,21
15-May-92,31
18-May-92,25
19-May-92,45
20-May-92,47
21-May-92,38
22-May-92,48
26-May-92,47
27-May-92,26
28-May-92,39
29-May-92,22
01-Jun-92,32
02-Jun-92,37
03-Jun-92,25
04-Jun-92,38
05-Jun-92,89
08-Jun-92,67
09-Jun-92,56
10-Jun-92,66
11-Jun-92,126
12-Jun-92,138
15-Jun-92,116
16-Jun-92,57
17-Jun-92,148
18-Jun-92,136
19-Jun-92,122
22-Jun-92,56
23-Jun-92,141
24-Jun-92,62
25-Jun-92,83
26-Jun-92,84
29-Jun-92,52
30-Jun-92,116
01-Jul-92,66
02-Jul-92,109
06-Jul-92,93
07-Jul-92,145
08-Jul-92,76
09-Jul-92,133
10-Jul-92,73
13-Jul-92,94
14-Jul-92,111
15-Jul-92,70
16-Jul-92,55
17-Jul-92,71
20-Jul-92,84
21-Jul-92,64
22-Jul-92,145
23-Jul-92,57
24-Jul-92,70
27-Jul-92,24
28-Jul-92,41
29-Jul-92,47
30-Jul-92,23
31-Jul-92,42
03-Aug-92,24
04-Aug-92,27
05-Aug-92,29
06-Aug-92,31
07-Aug-92,31
10-Aug-92,49
11-Aug-92,38
12-Aug-92,22
13-Aug-92,34
14-Aug-92,23
17-Aug-92,16
18-Aug-92,12
19-Aug-92,14
20-Aug-92,19
21-Aug-92,14
24-Aug-92,17
25-Aug-92,18
26-Aug-92,10
27-Aug-92,17
28-Aug-92,11
31-Aug-92,17
01-Sep-92,11
02-Sep-92,7
03-Sep-92,4
04-Sep-92,13
08-Sep-92,15
09-Sep-92,15
10-Sep-92,0
11-Sep-92,0
14-Sep-92,9
15-Sep-92,14
16-Sep-92,17
17-Sep-92,18
18-Sep-92,9
21-Sep-92,16
22-Sep-92,6
23-Sep-92,3
24-Sep-92,14
25-Sep-92,5
28-Sep-92,19
29-Sep-92,7
30-Sep-92,7
01-Oct-92,12
02-Oct-92,13
05-Oct-92,12
06-Oct-92,10
07-Oct-92,2
08-Oct-92,12
09-Oct-92,17
12-Oct-92,13
13-Oct-92,18
14-Oct-92,16
15-Oct-92,7
16-Oct-92,3
19-Oct-92,3
20-Oct-92,3
21-Oct-92,0
22-Oct-92,9
23-Oct-92,7
26-Oct-92,11
27-Oct-92,10
28-Oct-92,15
29-Oct-92,3
30-Oct-92,1
02-Nov-92,7
03-Nov-92,17
04-Nov-92,2
05-Nov-92,10
06-Nov-92,14
09-Nov-92,1
10-Nov-92,18
11-Nov-92,9
12-Nov-92,12
13-Nov-92,0
16-Nov-92,12
17-Nov-92,8
18-Nov-92,8
19-Nov-92,5
20-Nov-92,4
23-Nov-92,10
24-Nov-92,16
25-Nov-92,9
27-Nov-92,18
30-Nov-92,17
01-Dec-92,18
02-Dec-92,4
03-Dec-92,15
04-Dec-92,13
07-Dec-92,17
08-Dec-92,2
09-Dec-92,14
10-Dec-92,5
11-Dec-92,15
14-Dec-92,9
15-Dec-92,8
16-Dec-92,4
17-Dec-92,2
18-Dec-92,18
21-Dec-92,18
22-Dec-92,11
23-Dec-92,18
24-Dec-92,6
28-Dec-92,7
29-Dec-92,9
30-Dec-92,7
31-Dec-92,19
04-Jan-93,1
05-Jan-93,6
06-Jan-93,4
07-Jan-93,8
08-Jan-93,12
11-Jan-93,17
12-Jan-93,11
13-Jan-93,17
14-Jan-93,8
15-Jan-93,19
18-Jan-93,5
19-Jan-93,18
20-Jan-93,10
21-Jan-93,13
22-Jan-93,0
25-Jan-93,1
26-Jan-93,6
27-Jan-93,14
28-Jan-93,11
29-Jan-93,6
01-Feb-93,3
02-Feb-93,4
03-Feb-93,14
04-Feb-93,19
05-Feb-93,8
08-Feb-93,17
09-Feb-93,3
10-Feb-93,16
11-Feb-93,14
12-Feb-93,7
16-Feb-93,4
17-Feb-93,9
18-Feb-93,18
19-Feb-93,16
22-Feb-93,18
23-Feb-93,18
24-Feb-93,0
25-Feb-93,19
26-Feb-93,17
01-Mar-93,2
02-Mar-93,12
03-Mar-93,11
04-Mar-93,5
05-Mar-93,2
08-Mar-93,4
09-Mar-93,15
10-Mar-93,1
11-Mar-93,12
12-Mar-93,14
15-Mar-93,2
16-Mar-93,6
17-Mar-93,19
18-Mar-93,12
19-Mar-93,12
22-Mar-93,14
23-Mar-93,17
24-Mar-93,17
25-Mar-93,4
26-Mar-93,8
29-Mar-93,0
30-Mar-93,1
31-Mar-93,15
01-Apr-93,7
02-Apr-93,6
05-Apr-93,11
06-Apr-93,16
07-Apr-93,19
08-Apr-93,7
12-Apr-93,18
13-Apr-93,6
14-Apr-93,8
15-Apr-93,7
16-Apr-93,11
19-Apr-93,7
20-Apr-93,14
21-Apr-93,0
22-Apr-93,14
23-Apr-93,11
26-Apr-93,7
27-Apr-93,4
28-Apr-93,19
29-Apr-93,13
30-Apr-93,15
03-May-93,15
04-May-93,17
05-May-93,3
06-May-93,1
07-May-93,4
10-May-93,7
11-May-93,4
12-May-93,3
13-May-93,14
14-May-93,15
17-May-93,13
18-May-93,3
19-May-93,17
20-May-93,9
21-May-93,12
24-May-93,15
25-May-93,8
26-May-93,17
27-May-93,17
28-May-93,2
01-Jun-93,17
02-Jun-93,4
03-Jun-93,1
04-Jun-93,8
07-Jun-93,11
08-Jun-93,6
09-Jun-93,9
10-Jun-93,12
11-Jun-93,16
14-Jun-93,7
15-Jun-93,11
16-Jun-93,3
17-Jun-93,3
18-Jun-93,4
21-Jun-93,7
22-Jun-93,0
23-Jun-93,3
24-Jun-93,1
25-Jun-93,1
28-Jun-93,14
29-Jun-93,9
30-Jun-93,1
01-Jul-93,17
02-Jul-93,6
06-Jul-93,10
07-Jul-93,3
08-Jul-93,2
09-Jul-93,5
12-Jul-93,9
13-Jul-93,18
14-Jul-93,0
15-Jul-93,16
16-Jul-93,15
19-Jul-93,7
20-Jul-93,0
21-Jul-93,6
22-Jul-93,12
23-Jul-93,3
26-Jul-93,1
27-Jul-93,2
28-Jul-93,1
29-Jul-93,17
30-Jul-93,8
02-Aug-93,10
03-Aug-93,19
04-Aug-93,4
05-Aug-93,15
06-Aug-93,7
09-Aug-93,19
10-Aug-93,0
11-Aug-93,15
12-Aug-93,6
13-Aug-93,13
16-Aug-93,13
17-Aug-93,7
18-Aug-93,10
19-Aug-93,10
20-Aug-93,9
23-Aug-93,16
24-Aug-93,19
25-Aug-93,1
26-Aug-93,0
27-Aug-93,10
30-Aug-93,6
31-Aug-93,14
01-Sep-93,5
02-Sep-93,7
03-Sep-93,2
07-Sep-93,10
08-Sep-93,2
09-Sep-93,11
10-Sep-93,2
13-Sep-93,6
14-Sep-93,18
15-Sep-93,0
16-Sep-93,12
17-Sep-93,10
20-Sep-93,2
21-Sep-93,15
22-Sep-93,10
23-Sep-93,19
24-Sep-93,6
27-Sep-93,10
28-Sep-93,15
29-Sep-93,7
30-Sep-93,1
01-Oct-93,3
04-Oct-93,4
05-Oct-93,13
06-Oct-93,4
07-Oct-93,13
08-Oct-93,19
11-Oct-93,17
12-Oct-93,11
13-Oct-93,1
14-Oct-93,0
15-Oct-93,14
18-Oct-93,16
19-Oct-93,0
20-Oct-93,18
21-Oct-93,6
22-Oct-93,49
25-Oct-93,33
26-Oct-93,30
27-Oct-93,49
28-Oct-93,36
29-Oct-93,49
01-Nov-93,37
02-Nov-93,46
03-Nov-93,25
04-Nov-93,21
05-Nov-93,36
08-Nov-93,38
09-Nov-93,30
10-Nov-93,20
11-Nov-93,30
12-Nov-93,93
15-Nov-93,127
16-Nov-93,51
17-Nov-93,70
18-Nov-93,112
19-Nov-93,69
22-Nov-93,103
23-Nov-93,120
24-Nov-93,118
26-Nov-93,146
29-Nov-93,110
30-Nov-93,83
01-Dec-93,124
02-Dec-93,125
03-Dec-93,140
06-Dec-93,125
07-Dec-93,50
08-Dec-93,133
09-Dec-93,64
10-Dec-93,58
13-Dec-93,116
14-Dec-93,96
15-Dec-93,128
16-Dec-93,58
17-Dec-93,76
20-Dec-93,115
21-Dec-93,57
22-Dec-93,85
23-Dec-93,95
27-Dec-93,82
28-Dec-93,66
29-Dec-93,105
30-Dec-93,142
31-Dec-93,146
03-Jan-94,64
04-Jan-94,39
05-Jan-94,42
06-Jan-94,26
07-Jan-94,40
10-Jan-94,20
11-Jan-94,27
12-Jan-94,37
13-Jan-94,33
14-Jan-94,26
17-Jan-94,45
18-Jan-94,45
19-Jan-94,27
20-Jan-94,29
21-Jan-94,29
24-Jan-94,20
25-Jan-94,10
26-Jan-94,17
27-Jan-94,18
28-Jan-94,0
31-Jan-94,19
01-Feb-94,2
02-Feb-94,0
03-Feb-94,6
04-Feb-94,7
07-Feb-94,1
08-Feb-94,7
09-Feb-94,13
10-Feb-94,10
11-Feb-94,10
14-Feb-94,7
15-Feb-94,2
16-Feb-94,0
17-Feb-94,5
18-Feb-94,4
22-Feb-94,9
23-Feb-94,18
24-Feb-94,13
25-Feb-94,2
28-Feb-94,12
01-Mar-94,11
02-Mar-94,15
03-Mar-94,4
04-Mar-94,6
07-Mar-94,1
08-Mar-94,11
09-Mar-94,11
10-Mar-94,5
11-Mar-94,0
14-Mar-94,12
15-Mar-94,1
16-Mar-94,7
17-Mar-94,8
18-Mar-94,12
21-Mar-94,13
22-Mar-94,17
23-Mar-94,11
24-Mar-94,15
25-Mar-94,2
28-Mar-94,8
29-Mar-94,6
30-Mar-94,14
31-Mar-94,12
04-Apr-94,7
05-Apr-94,0
06-Apr-94,6
07-Apr-94,9
08-Apr-94,1
11-Apr-94,15
12-Apr-94,4
13-Apr-94,4
14-Apr-94,5
15-Apr-94,10
18-Apr-94,8
19-Apr-94,10
20-Apr-94,7
21-Apr-94,18
22-Apr-94,7
25-Apr-94,1
26-Apr-94,5
28-Apr-94,9
29-Apr-94,2
02-May-94,18
03-May-94,6
04-May-94,3
05-May-94,7
06-May-94,10
09-May-94,5
10-May-94,7
11-May-94,13
12-May-94,17
13-May-94,13
16-May-94,10
17-May-94,11
18-May-94,10
19-May-94,12
20-May-94,3
23-May-94,9
24-May-94,8
25-May-94,1
26-May-94,19
27-May-94,14
31-May-94,17
01-Jun-94,15
02-Jun-94,17
03-Jun-94,17
06-Jun-94,16
07-Jun-94,3
08-Jun-94,4
09-Jun-94,19
10-Jun-94,5
13-Jun-94,16
14-Jun-94,15
15-Jun-94,8
16-Jun-94,18
17-Jun-94,1
20-Jun-94,14
21-Jun-94,18
22-Jun-94,18
23-Jun-94,3
24-Jun-94,16
27-Jun-94,6
28-Jun-94,8
29-Jun-94,1
30-Jun-94,12
01-Jul-94,9
05-Jul-94,13
06-Jul-94,16
07-Jul-94,11
08-Jul-94,2
11-Jul-94,10
12-Jul-94,14
13-Jul-94,6
14-Jul-94,16
15-Jul-94,2
18-Jul-94,10
19-Jul-94,12
20-Jul-94,18
21-Jul-94,11
22-Jul-94,9
25-Jul-94,19
26-Jul-94,12
27-Jul-94,18
28-Jul-94,7
29-Jul-94,16
01-Aug-94,9
02-Aug-94,0
03-Aug-94,5
04-Aug-94,7
05-Aug-94,4
08-Aug-94,2
09-Aug-94,5
10-Aug-94,8
11-Aug-94,4
12-Aug-94,0
15-Aug-94,19
16-Aug-94,19
17-Aug-94,15
18-Aug-94,2
19-Aug-94,15
22-Aug-94,14
23-Aug-94,4
24-Aug-94,3
25-Aug-94,7
26-Aug-94,12
29-Aug-94,7
30-Aug-94,3
31-Aug-94,2
01-Sep-94,4
02-Sep-94,10
06-Sep-94,6
07-Sep-94,5
08-Sep-94,3
09-Sep-94,2
12-Sep-94,13
13-Sep-94,1
14-Sep-94,3
15-Sep-94,12
16-Sep-94,13
19-Sep-94,1
20-Sep-94,8
21-Sep-94,12
22-Sep-94,2
23-Sep-94,1
26-Sep-94,16
27-Sep-94,13
28-Sep-94,9
29-Sep-94,7
30-Sep-94,2
03-Oct-94,18
04-Oct-94,1
05-Oct-94,2
06-Oct-94,19
07-Oct-94,1
10-Oct-94,6
11-Oct-94,0
12-Oct-94,5
13-Oct-94,14
14-Oct-94,7
17-Oct-94,8
18-Oct-94,15
19-Oct-94,6
20-Oct-94,18
21-Oct-94,11
24-Oct-94,9
25-Oct-94,13
26-Oct-94,2
27-Oct-94,2
28-Oct-94,7
31-Oct-94,4
01-Nov-94,4
02-Nov-94,17
03-Nov-94,8
04-Nov-94,7
07-Nov-94,13
08-Nov-94,11
09-Nov-94,9
10-Nov-94,18
11-Nov-94,15
14-Nov-94,2
15-Nov-94,7
16-Nov-94,2
17-Nov-94,17
18-Nov-94,7
21-Nov-94,5
22-Nov-94,3
23-Nov-94,4
25-Nov-94,17
28-Nov-94,2
29-Nov-94,0
30-Nov-94,7
01-Dec-94,15
02-Dec-94,19
05-Dec-94,2
06-Dec-94,7
07-Dec-94,4
08-Dec-94,15
09-Dec-94,0
12-Dec-94,16
13-Dec-94,19
14-Dec-94,6
15-Dec-94,18
16-Dec-94,6
19-Dec-94,9
20-Dec-94,3
21-Dec-94,5
22-Dec-94,3
23-Dec-94,9
27-Dec-94,9
28-Dec-94,3
29-Dec-94,0
30-Dec-94,6
03-Jan-95,13
04-Jan-95,7
05-Jan-95,7
06-Jan-95,1
09-Jan-95,18
10-Jan-95,19
11-Jan-95,4
12-Jan-95,11
13-Jan-95,17
16-Jan-95,16
17-Jan-95,6
18-Jan-95,11
19-Jan-95,2
20-Jan-95,10
23-Jan-95,16
24-Jan-95,11
25-Jan-95,2
26-Jan-95,9
27-Jan-95,7
30-Jan-95,3
31-Jan-95,19
01-Feb-95,18
02-Feb-95,11
03-Feb-95,2
06-Feb-95,17
07-Feb-95,10
08-Feb-95,18
09-Feb-95,9
10-Feb-95,18
13-Feb-95,4
14-Feb-95,7
15-Feb-95,2
16-Feb-95,8
17-Feb-95,13
21-Feb-95,10
22-Feb-95,1
23-Feb-95,9
24-Feb-95,17
27-Feb-95,19
28-Feb-95,13
01-Mar-95,7
02-Mar-95,15
03-Mar-95,17
06-Mar-95,17
07-Mar-95,6
08-Mar-95,1
09-Mar-95,6
10-Mar-95,12
13-Mar-95,3
14-Mar-95,6
15-Mar-95,4
16-Mar-95,6
17-Mar-95,18
20-Mar-95,8
21-Mar-95,14
22-Mar-95,0
23-Mar-95,10
24-Mar-95,9
27-Mar-95,11
28-Mar-95,15
29-Mar-95,3
30-Mar-95,8
31-Mar-95,6
03-Apr-95,19
04-Apr-95,30
05-Apr-95,46
06-Apr-95,35
07-Apr-95,23
10-Apr-95,24
11-Apr-95,49
12-Apr-95,32
13-Apr-95,33
17-Apr-95,43
18-Apr-95,33
19-Apr-95,34
20-Apr-95,34
21-Apr-95,34
24-Apr-95,35
25-Apr-95,24
26-Apr-95,50
27-Apr-95,86
28-Apr-95,86
01-May-95,97
02-May-95,94
03-May-95,97
04-May-95,54
05-May-95,78
08-May-95,119
09-May-95,132
10-May-95,78
11-May-95,135
12-May-95,123
15-May-95,97
16-May-95,98
17-May-95,135
18-May-95,93
19-May-95,87
22-May-95,105
23-May-95,103
24-May-95,98
25-May-95,59
26-May-95,104
30-May-95,110
31-May-95,64
01-Jun-95,143
02-Jun-95,52
05-Jun-95,112
06-Jun-95,130
07-Jun-95,51
08-Jun-95,66
09-Jun-95,73
12-Jun-95,52
13-Jun-95,101
14-Jun-95,68
15-Jun-95,39
16-Jun-95,40
19-Jun-95,32
20-Jun-95,39
21-Jun-95,46
22-Jun-95,41
23-Jun-95,43
26-Jun-95,35
27-Jun-95,35
28-Jun-95,35
29-Jun-95,22
30-Jun-95,35
03-Jul-95,34
05-Jul-95,29
06-Jul-95,47
07-Jul-95,11
10-Jul-95,13
11-Jul-95,7
12-Jul-95,14
13-Jul-95,2
14-Jul-95,11
17-Jul-95,5
18-Jul-95,1
19-Jul-95,18
20-Jul-95,4
21-Jul-95,1
24-Jul-95,13
25-Jul-95,11
26-Jul-95,18
27-Jul-95,14
28-Jul-95,2
31-Jul-95,18
01-Aug-95,5
02-Aug-95,3
03-Aug-95,7
04-Aug-95,0
07-Aug-95,7
08-Aug-95,1
09-Aug-95,7
10-Aug-95,5
11-Aug-95,10
14-Aug-95,2
15-Aug-95,13
16-Aug-95,9
17-Aug-95,18
18-Aug-95,10
21-Aug-95,6
22-Aug-95,12
23-Aug-95,7
24-Aug-95,9
25-Aug-95,5
28-Aug-95,11
29-Aug-95,8
30-Aug-95,4
31-Aug-95,8
01-Sep-95,4
05-Sep-95,17
06-Sep-95,12
07-Sep-95,9
08-Sep-95,6
11-Sep-95,18
12-Sep-95,13
13-Sep-95,15
14-Sep-95,14
15-Sep-95,12
18-Sep-95,16
19-Sep-95,2
20-Sep-95,1
21-Sep-95,16
22-Sep-95,11
25-Sep-95,16
26-Sep-95,8
27-Sep-95,2
28-Sep-95,9
29-Sep-95,6
02-Oct-95,4
03-Oct-95,7
04-Oct-95,16
05-Oct-95,14
06-Oct-95,10
09-Oct-95,18
10-Oct-95,10
11-Oct-95,18
12-Oct-95,6
13-Oct-95,0
16-Oct-95,16
17-Oct-95,1
18-Oct-95,17
19-Oct-95,2
20-Oct-95,5
23-Oct-95,17
24-Oct-95,9
25-Oct-95,7
26-Oct-95,18
27-Oct-95,1
30-Oct-95,0
31-Oct-95,1
01-Nov-95,11
02-Nov-95,7
03-Nov-95,0
06-Nov-95,16
07-Nov-95,2
08-Nov-95,8
09-Nov-95,18
10-Nov-95,9
13-Nov-95,17
14-Nov-95,7
15-Nov-95,12
16-Nov-95,5
17-Nov-95,17
20-Nov-95,16
21-Nov-95,12
22-Nov-95,19
24-Nov-95,14
27-Nov-95,2
28-Nov-95,6
29-Nov-95,6
30-Nov-95,4
01-Dec-95,6
04-Dec-95,9
05-Dec-95,2
06-Dec-95,18
07-Dec-95,9
08-Dec-95,7
11-Dec-95,0
12-Dec-95,9
13-Dec-95,0
14-Dec-95,18
15-Dec-95,4
18-Dec-95,7
19-Dec-95,11
20-Dec-95,13
21-Dec-95,14
22-Dec-95,17
26-Dec-95,0
27-Dec-95,6
28-Dec-95,13
29-Dec-95,14
02-Jan-96,8
03-Jan-96,7
04-Jan-96,16
05-Jan-96,9
08-Jan-96,2
09-Jan-96,12
10-Jan-96,9
11-Jan-96,2
12-Jan-96,15
15-Jan-96,13
16-Jan-96,2
17-Jan-96,16
18-Jan-96,10
19-Jan-96,8
22-Jan-96,6
23-Jan-96,1
24-Jan-96,13
25-Jan-96,9
26-Jan-96,2
29-Jan-96,6
30-Jan-96,4
31-Jan-96,12
01-Feb-96,16
02-Feb-96,5
05-Feb-96,0
06-Feb-96,15
07-Feb-96,19
08-Feb-96,9
09-Feb-96,10
12-Feb-96,17
13-Feb-96,19
14-Feb-96,16
15-Feb-96,17
16-Feb-96,18
20-Feb-96,3
21-Feb-96,2
22-Feb-96,6
23-Feb-96,16
26-Feb-96,9
27-Feb-96,5
28-Feb-96,10
29-Feb-96,17
01-Mar-96,2
04-Mar-96,4
05-Mar-96,5
06-Mar-96,10
07-Mar-96,5
08-Mar-96,9
11-Mar-96,9
12-Mar-96,11
13-Mar-96,8
14-Mar-96,2
15-Mar-96,9
18-Mar-96,16
19-Mar-96,5
20-Mar-96,3
21-Mar-96,15
22-Mar-96,16
25-Mar-96,15
26-Mar-96,16
27-Mar-96,8
28-Mar-96,15
29-Mar-96,5
01-Apr-96,8
02-Apr-96,6
03-Apr-96,1
04-Apr-96,10
08-Apr-96,14
09-Apr-96,10
10-Apr-96,1
11-Apr-96,10
12-Apr-96,7
15-Apr-96,16
16-Apr-96,4
17-Apr-96,16
18-Apr-96,1
19-Apr-96,11
22-Apr-96,11
23-Apr-96,8
24-Apr-96,2
25-Apr-96,9
26-Apr-96,13
29-Apr-96,7
30-Apr-96,0
01-May-96,7
02-May-96,13
03-May-96,17
06-May-96,8
07-May-96,5
08-May-96,10
09-May-96,13
10-May-96,8
13-May-96,8
14-May-96,12
15-May-96,7
16-May-96,1
17-May-96,4
20-May-96,0
21-May-96,18
22-May-96,1
23-May-96,4
24-May-96,3
28-May-96,17
29-May-96,9
30-May-96,3
31-May-96,12
03-Jun-96,0
04-Jun-96,14
05-Jun-96,0
06-Jun-96,6
07-Jun-96,3
10-Jun-96,5
11-Jun-96,2
12-Jun-96,3
13-Jun-96,2
14-Jun-96,13
17-Jun-96,6
18-Jun-96,6
19-Jun-96,17
20-Jun-96,4
21-Jun-96,16
24-Jun-96,6
25-Jun-96,2
26-Jun-96,16
27-Jun-96,12
28-Jun-96,12
01-Jul-96,13
02-Jul-96,7
03-Jul-96,9
05-Jul-96,19
08-Jul-96,19
09-Jul-96,1
10-Jul-96,10
11-Jul-96,10
12-Jul-96,2
15-Jul-96,10
16-Jul-96,1
17-Jul-96,5
18-Jul-96,11
19-Jul-96,12
22-Jul-96,16
23-Jul-96,12
24-Jul-96,17
25-Jul-96,5
26-Jul-96,14
29-Jul-96,13
30-Jul-96,2
31-Jul-96,0
01-Aug-96,6
02-Aug-96,12
05-Aug-96,0
06-Aug-96,16
07-Aug-96,6
08-Aug-96,11
09-Aug-96,9
12-Aug-96,9
13-Aug-96,7
14-Aug-96,3
15-Aug-96,10
16-Aug-96,11
19-Aug-96,2
20-Aug-96,9
21-Aug-96,12
22-Aug-96,8
23-Aug-96,6
26-Aug-96,5
27-Aug-96,16
28-Aug-96,2
29-Aug-96,12
30-Aug-96,9
03-Sep-96,1
04-Sep-96,10
05-Sep-96,7
06-Sep-96,17
09-Sep-96,15
10-Sep-96,19
11-Sep-96,18
12-Sep-96,46
13-Sep-96,40
16-Sep-96,45
17-Sep-96,47
18-Sep-96,33
19-Sep-96,39
20-Sep-96,29
23-Sep-96,48
24-Sep-96,45
25-Sep-96,35
26-Sep-96,44
27-Sep-96,46
30-Sep-96,36
01-Oct-96,38
02-Oct-96,42
03-Oct-96,122
04-Oct-96,90
07-Oct-96,88
08-Oct-96,140
09-Oct-96,125
10-Oct-96,99
11-Oct-96,89
14-Oct-96,84
15-Oct-96,100
16-Oct-96,104
17-Oct-96,111
18-Oct-96,98
21-Oct-96,112
22-Oct-96,51
23-Oct-96,114
24-Oct-96,71
25-Oct-96,65
28-Oct-96,69
29-Oct-96,81
30-Oct-96,54
31-Oct-96,59
01-Nov-96,96
04-Nov-96,87
05-Nov-96,63
06-Nov-96,141
07-Nov-96,94
08-Nov-96,125
11-Nov-96,53
12-Nov-96,103
13-Nov-96,126
14-Nov-96,84
15-Nov-96,141
18-Nov-96,147
19-Nov-96,100
20-Nov-96,110
21-Nov-96,49
22-Nov-96,34
25-Nov-96,31
26-Nov-96,31
27-Nov-96,43
29-Nov-96,40
02-Dec-96,46
03-Dec-96,46
04-Dec-96,26
05-Dec-96,25
06-Dec-96,27
09-Dec-96,27
10-Dec-96,31
11-Dec-96,47
12-Dec-96,24
13-Dec-96,13
16-Dec-96,18
17-Dec-96,17
18-Dec-96,15
19-Dec-96,4
20-Dec-96,2
23-Dec-96,3
24-Dec-96,0
26-Dec-96,18
27-Dec-96,9
30-Dec-96,13
31-Dec-96,11
02-Jan-97,14
03-Jan-97,18
06-Jan-97,11
07-Jan-97,19
08-Jan-97,11
09-Jan-97,3
10-Jan-97,3
13-Jan-97,12
14-Jan-97,19
15-Jan-97,11
16-Jan-97,12
17-Jan-97,15
20-Jan-97,5
21-Jan-97,5
22-Jan-97,11
23-Jan-97,5
24-Jan-97,17
27-Jan-97,15
28-Jan-97,0
29-Jan-97,1
30-Jan-97,15
31-Jan-97,10
03-Feb-97,5
04-Feb-97,8
05-Feb-97,12
06-Feb-97,3
07-Feb-97,5
10-Feb-97,9
11-Feb-97,16
12-Feb-97,19
13-Feb-97,8
14-Feb-97,5
18-Feb-97,5
19-Feb-97,3
20-Feb-97,4
21-Feb-97,1
24-Feb-97,14
25-Feb-97,11
26-Feb-97,3
27-Feb-97,19
28-Feb-97,16
03-Mar-97,12
04-Mar-97,0
05-Mar-97,10
06-Mar-97,5
07-Mar-97,0
10-Mar-97,11
11-Mar-97,5
12-Mar-97,9
13-Mar-97,5
14-Mar-97,13
17-Mar-97,9
18-Mar-97,10
19-Mar-97,4
20-Mar-97,19
21-Mar-97,6
24-Mar-97,2
25-Mar-97,11
26-Mar-97,17
27-Mar-97,11
31-Mar-97,4
01-Apr-97,5
02-Apr-97,14
03-Apr-97,5
04-Apr-97,0
07-Apr-97,13
08-Apr-97,14
09-Apr-97,3
10-Apr-97,14
11-Apr-97,14
14-Apr-97,4
15-Apr-97,15
16-Apr-97,10
17-Apr-97,17
18-Apr-97,18
21-Apr-97,2
22-Apr-97,19
23-Apr-97,3
24-Apr-97,17
25-Apr-97,12
28-Apr-97,1
29-Apr-97,9
30-Apr-97,17
01-May-97,2
02-May-97,5
05-May-97,9
06-May-97,17
07-May-97,1
08-May-97,10
09-May-97,11
12-May-97,15
13-May-97,8
14-May-97,7
15-May-97,7
16-May-97,3
19-May-97,17
20-May-97,2
21-May-97,5
22-May-97,16
23-May-97,8
27-May-97,7
28-May-97,7
29-May-97,2
30-May-97,3
02-Jun-97,5
03-Jun-97,1
04-Jun-97,6
05-Jun-97,9
06-Jun-97,12
09-Jun-97,7
10-Jun-97,7
11-Jun-97,17
12-Jun-97,16
13-Jun-97,10
16-Jun-97,10
17-Jun-97,18
18-Jun-97,1
19-Jun-97,16
20-Jun-97,9
23-Jun-97,5
24-Jun-97,15
25-Jun-97,6
26-Jun-97,11
27-Jun-97,18
30-Jun-97,16
01-Jul-97,2
02-Jul-97,11
03-Jul-97,7
07-Jul-97,4
08-Jul-97,6
09-Jul-97,5
10-Jul-97,17
11-Jul-97,16
14-Jul-97,6
15-Jul-97,13
16-Jul-97,16
17-Jul-97,10
18-Jul-97,1
21-Jul-97,16
22-Jul-97,5
23-Jul-97,12
24-Jul-97,3
25-Jul-97,16
28-Jul-97,2
29-Jul-97,11
30-Jul-97,1
31-Jul-97,15
01-Aug-97,10
04-Aug-97,13
05-Aug-97,9
06-Aug-97,5
07-Aug-97,10
08-Aug-97,14
11-Aug-97,12
12-Aug-97,5
13-Aug-97,11
14-Aug-97,12
15-Aug-97,9
18-Aug-97,18
19-Aug-97,12
20-Aug-97,17
21-Aug-97,0
22-Aug-97,7
25-Aug-97,2
26-Aug-97,2
27-Aug-97,15
28-Aug-97,1
29-Aug-97,10
02-Sep-97,13
03-Sep-97,0
04-Sep-97,16
05-Sep-97,3
08-Sep-97,6
09-Sep-97,15
10-Sep-97,3
11-Sep-97,14
12-Sep-97,9
15-Sep-97,9
16-Sep-97,12
17-Sep-97,10
18-Sep-97,14
19-Sep-97,5
22-Sep-97,19
23-Sep-97,7
24-Sep-97,14
25-Sep-97,9
26-Sep-97,1
29-Sep-97,9
30-Sep-97,14
01-Oct-97,17
02-Oct-97,0
03-Oct-97,0
06-Oct-97,2
07-Oct-97,16
08-Oct-97,17
09-Oct-97,3
10-Oct-97,8
13-Oct-97,11
14-Oct-97,7
15-Oct-97,1
16-Oct-97,13
17-Oct-97,2
20-Oct-97,18
21-Oct-97,3
22-Oct-97,6
23-Oct-97,19
24-Oct-97,18
27-Oct-97,12
28-Oct-97,3
29-Oct-97,10
30-Oct-97,1
31-Oct-97,10
03-Nov-97,12
04-Nov-97,3
05-Nov-97,6
06-Nov-97,9
07-Nov-97,16
10-Nov-97,2
11-Nov-97,15
12-Nov-97,13
13-Nov-97,15
14-Nov-97,0
17-Nov-97,10
18-Nov-97,18
19-Nov-97,11
20-Nov-97,17
21-Nov-97,11
24-Nov-97,15
25-Nov-97,15
26-Nov-97,17
28-Nov-97,9
01-Dec-97,1
02-Dec-97,6
03-Dec-97,11
04-Dec-97,14
05-Dec-97,9
08-Dec-97,9
09-Dec-97,8
10-Dec-97,4
11-Dec-97,17
12-Dec-97,12
15-Dec-97,12
16-Dec-97,10
17-Dec-97,13
18-Dec-97,10
19-Dec-97,15
22-Dec-97,18
23-Dec-97,8
24-Dec-97,0
26-Dec-97,2
29-Dec-97,0
30-Dec-97,14
31-Dec-97,3
02-Jan-98,8
05-Jan-98,10
06-Jan-98,4
07-Jan-98,11
08-Jan-98,7
09-Jan-98,9
12-Jan-98,8
13-Jan-98,10
14-Jan-98,5
15-Jan-98,8
16-Jan-98,9
20-Jan-98,10
21-Jan-98,16
22-Jan-98,12
23-Jan-98,17
26-Jan-98,7
27-Jan-98,6
28-Jan-98,13
29-Jan-98,1
30-Jan-98,1
02-Feb-98,4
03-Feb-98,3
04-Feb-98,8
05-Feb-98,4
06-Feb-98,5
09-Feb-98,14
10-Feb-98,8
11-Feb-98,1
12-Feb-98,2
13-Feb-98,6
17-Feb-98,2
18-Feb-98,13
19-Feb-98,17
20-Feb-98,13
23-Feb-98,8
24-Feb-98,39
25-Feb-98,48
26-Feb-98,33
27-Feb-98,40
02-Mar-98,34
03-Mar-98,44
04-Mar-98,39
05-Mar-98,26
06-Mar-98,38
09-Mar-98,44
10-Mar-98,23
11-Mar-98,42
12-Mar-98,42
13-Mar-98,45
16-Mar-98,27
17-Mar-98,93
18-Mar-98,147
19-Mar-98,91
20-Mar-98,94
23-Mar-98,145
24-Mar-98,86
25-Mar-98,64
26-Mar-98,86
27-Mar-98,115
30-Mar-98,89
31-Mar-98,110
01-Apr-98,132
02-Apr-98,121
03-Apr-98,135
06-Apr-98,79
07-Apr-98,58
08-Apr-98,125
09-Apr-98,72
13-Apr-98,89
14-Apr-98,75
15-Apr-98,86
16-Apr-98,113
17-Apr-98,79
20-Apr-98,76
21-Apr-98,134
22-Apr-98,75
23-Apr-98,145
24-Apr-98,101
27-Apr-98,127
28-Apr-98,144
29-Apr-98,95
30-Apr-98,58
01-May-98,95
04-May-98,51
05-May-98,66
06-May-98,39
07-May-98,32
08-May-98,39
11-May-98,29
12-May-98,31
13-May-98,38
14-May-98,42
15-May-98,20
18-May-98,39
19-May-98,32
20-May-98,32
21-May-98,22
22-May-98,37
26-May-98,37
27-May-98,27
28-May-98,17
29-May-98,8
01-Jun-98,8
02-Jun-98,16
03-Jun-98,16
04-Jun-98,5
05-Jun-98,7
08-Jun-98,5
09-Jun-98,10
10-Jun-98,8
11-Jun-98,14
12-Jun-98,16
15-Jun-98,19
16-Jun-98,18
17-Jun-98,9
18-Jun-98,9
19-Jun-98,0
22-Jun-98,14
23-Jun-98,17
24-Jun-98,4
25-Jun-98,7
26-Jun-98,12
29-Jun-98,4
30-Jun-98,9
01-Jul-98,0
02-Jul-98,17
06-Jul-98,19
07-Jul-98,10
08-Jul-98,4
09-Jul-98,2
10-Jul-98,2
13-Jul-98,19
14-Jul-98,8
15-Jul-98,6
16-Jul-98,3
17-Jul-98,17
20-Jul-98,18
21-Jul-98,4
22-Jul-98,11
23-Jul-98,18
24-Jul-98,16
27-Jul-98,10
28-Jul-98,13
29-Jul-98,16
30-Jul-98,2
31-Jul-98,11
03-Aug-98,16
04-Aug-98,0
05-Aug-98,1
06-Aug-98,8
07-Aug-98,8
10-Aug-98,13
11-Aug-98,3
12-Aug-98,1
13-Aug-98,7
14-Aug-98,13
17-Aug-98,0
18-Aug-98,16
19-Aug-98,14
20-Aug-98,2
21-Aug-98,13
24-Aug-98,2
25-Aug-98,9
26-Aug-98,1
27-Aug-98,5
28-Aug-98,8
31-Aug-98,11
01-Sep-98,11
02-Sep-98,2
03-Sep-98,13
04-Sep-98,11
08-Sep-98,17
09-Sep-98,9
10-Sep-98,15
11-Sep-98,2
14-Sep-98,2
15-Sep-98,8
16-Sep-98,15
17-Sep-98,18
18-Sep-98,7
21-Sep-98,15
22-Sep-98,1
23-Sep-98,14
24-Sep-98,10
25-Sep-98,5
28-Sep-98,15
29-Sep-98,11
30-Sep-98,9
01-Oct-98,8
02-Oct-98,4
05-Oct-98,10
06-Oct-98,13
07-Oct-98,15
08-Oct-98,16
09-Oct-98,8
12-Oct-98,18
13-Oct-98,15
14-Oct-98,3
15-Oct-98,2
16-Oct-98,14
19-Oct-98,0
20-Oct-98,11
21-Oct-98,1
22-Oct-98,14
23-Oct-98,6
26-Oct-98,14
27-Oct-98,8
28-Oct-98,4
29-Oct-98,19
30-Oct-98,2
02-Nov-98,19
03-Nov-98,9
04-Nov-98,11
05-Nov-98,7
06-Nov-98,8
09-Nov-98,12
10-Nov-98,5
11-Nov-98,10
12-Nov-98,12
13-Nov-98,4
16-Nov-98,15
17-Nov-98,15
18-Nov-98,1
19-Nov-98,15
20-Nov-98,14
23-Nov-98,14
24-Nov-98,1
25-Nov-98,11
27-Nov-98,11
30-Nov-98,17
01-Dec-98,5
02-Dec-98,5
03-Dec-98,5
04-Dec-98,2
07-Dec-98,11
08-Dec-98,16
09-Dec-98,14
10-Dec-98,2
11-Dec-98,1
14-Dec-98,15
15-Dec-98,19
16-Dec-98,1
17-Dec-98,19
18-Dec-98,19
21-Dec-98,4
22-Dec-98,16
23-Dec-98,6
24-Dec-98,19
28-Dec-98,8
29-Dec-98,14
30-Dec-98,14
31-Dec-98,8
04-Jan-99,14
05-Jan-99,4
06-Jan-99,1
07-Jan-99,7
08-Jan-99,12
11-Jan-99,15
12-Jan-99,5
13-Jan-99,0
14-Jan-99,15
15-Jan-99,8
19-Jan-99,0
20-Jan-99,1
21-Jan-99,4
22-Jan-99,10
25-Jan-99,14
26-Jan-99,12
27-Jan-99,5
28-Jan-99,9
29-Jan-99,19
01-Feb-99,2
02-Feb-99,3
03-Feb-99,2
04-Feb-99,13
05-Feb-99,8
08-Feb-99,10
09-Feb-99,14
10-Feb-99,12
11-Feb-99,14
12-Feb-99,13
16-Feb-99,8
17-Feb-99,4
18-Feb-99,13
19-Feb-99,0
22-Feb-99,3
23-Feb-99,3
24-Feb-99,1
25-Feb-99,19
26-Feb-99,19
01-Mar-99,12
02-Mar-99,0
03-Mar-99,5
04-Mar-99,14
05-Mar-99,7
08-Mar-99,2
09-Mar-99,5
10-Mar-99,18
11-Mar-99,5
12-Mar-99,9
15-Mar-99,16
16-Mar-99,10
17-Mar-99,2
18-Mar-99,10
19-Mar-99,7
22-Mar-99,6
23-Mar-99,14
24-Mar-99,1
25-Mar-99,14
26-Mar-99,7
29-Mar-99,13
30-Mar-99,6
31-Mar-99,8
01-Apr-99,10
05-Apr-99,7
06-Apr-99,17
07-Apr-99,13
08-Apr-99,12
09-Apr-99,11
12-Apr-99,14
13-Apr-99,10
14-Apr-99,2
15-Apr-99,13
16-Apr-99,4
19-Apr-99,8
20-Apr-99,13
21-Apr-99,9
22-Apr-99,15
23-Apr-99,0
26-Apr-99,16
27-Apr-99,6
28-Apr-99,8
29-Apr-99,9
30-Apr-99,17
03-May-99,0
04-May-99,14
05-May-99,3
06-May-99,10
07-May-99,6
10-May-99,10
11-May-99,15
12-May-99,17
13-May-99,15
14-May-99,14
17-May-99,10
18-May-99,18
19-May-99,19
20-May-99,1
21-May-99,2
24-May-99,7
25-May-99,12
26-May-99,6
27-May-99,14
28-May-99,12
01-Jun-99,2
02-Jun-99,15
03-Jun-99,9
04-Jun-99,8
07-Jun-99,15
08-Jun-99,12
09-Jun-99,2
10-Jun-99,3
11-Jun-99,3
14-Jun-99,9
15-Jun-99,11
16-Jun-99,10
17-Jun-99,12
18-Jun-99,4
21-Jun-99,8
22-Jun-99,12
23-Jun-99,13
24-Jun-99,14
25-Jun-99,9
28-Jun-99,7
29-Jun-99,12
30-Jun-99,11
01-Jul-99,2
02-Jul-99,2
06-Jul-99,8
07-Jul-99,19
08-Jul-99,13
09-Jul-99,8
12-Jul-99,8
13-Jul-99,4
14-Jul-99,9
15-Jul-99,5
16-Jul-99,17
19-Jul-99,10
20-Jul-99,11
21-Jul-99,19
22-Jul-99,6
23-Jul-99,10
26-Jul-99,2
27-Jul-99,8
28-Jul-99,17
29-Jul-99,19
30-Jul-99,11
02-Aug-99,5
03-Aug-99,17
04-Aug-99,4
05-Aug-99,26
06-Aug-99,40
09-Aug-99,28
10-Aug-99,41
11-Aug-99,36
12-Aug-99,45
13-Aug-99,23
16-Aug-99,20
17-Aug-99,22
18-Aug-99,32
19-Aug-99,39
20-Aug-99,33
23-Aug-99,33
24-Aug-99,29
25-Aug-99,49
26-Aug-99,95
27-Aug-99,52
30-Aug-99,99
31-Aug-99,141
01-Sep-99,115
02-Sep-99,100
03-Sep-99,135
07-Sep-99,86
08-Sep-99,59
09-Sep-99,147
10-Sep-99,103
13-Sep-99,98
14-Sep-99,132
15-Sep-99,137
16-Sep-99,96
17-Sep-99,78
20-Sep-99,53
21-Sep-99,88
22-Sep-99,93
23-Sep-99,97
24-Sep-99,63
27-Sep-99,147
28-Sep-99,128
29-Sep-99,64
30-Sep-99,72
01-Oct-99,55
04-Oct-99,73
05-Oct-99,142
06-Oct-99,135
07-Oct-99,141
08-Oct-99,110
11-Oct-99,146
12-Oct-99,74
13-Oct-99,96
14-Oct-99,110
15-Oct-99,38
18-Oct-99,33
19-Oct-99,41
20-Oct-99,28
21-Oct-99,43
22-Oct-99,32
25-Oct-99,21
26-Oct-99,29
27-Oct-99,24
28-Oct-99,43
29-Oct-99,34
01-Nov-99,27
02-Nov-99,35
03-Nov-99,35
04-Nov-99,35
05-Nov-99,7
08-Nov-99,14
09-Nov-99,15
10-Nov-99,7
11-Nov-99,12
12-Nov-99,11
15-Nov-99,13
16-Nov-99,12
17-Nov-99,3
18-Nov-99,11
19-Nov-99,11
22-Nov-99,9
23-Nov-99,7
24-Nov-99,17
26-Nov-99,6
29-Nov-99,19
30-Nov-99,15
01-Dec-99,7
02-Dec-99,4
03-Dec-99,12
06-Dec-99,19
07-Dec-99,15
08-Dec-99,8
09-Dec-99,1
10-Dec-99,6
13-Dec-99,5
14-Dec-99,10
15-Dec-99,8
16-Dec-99,19
17-Dec-99,8
20-Dec-99,5
21-Dec-99,13
22-Dec-99,17
23-Dec-99,16
27-Dec-99,6
28-Dec-99,15
29-Dec-99,14
30-Dec-99,3
31-Dec-99,4
03-Jan-00,13
04-Jan-00,15
05-Jan-00,7
06-Jan-00,4
07-Jan-00,14
10-Jan-00,8
11-Jan-00,7
12-Jan-00,3
13-Jan-00,8
14-Jan-00,8
18-Jan-00,6
19-Jan-00,17
20-Jan-00,4
21-Jan-00,14
24-Jan-00,0
25-Jan-00,9
26-Jan-00,14
27-Jan-00,7
28-Jan-00,14
31-Jan-00,6
01-Feb-00,2
02-Feb-00,10
03-Feb-00,0
04-Feb-00,12
07-Feb-00,11
08-Feb-00,3
09-Feb-00,17
10-Feb-00,12
11-Feb-00,8
14-Feb-00,12
15-Feb-00,15
16-Feb-00,11
17-Feb-00,16
18-Feb-00,1
22-Feb-00,16
23-Feb-00,10
24-Feb-00,14
25-Feb-00,8
28-Feb-00,16
29-Feb-00,10
01-Mar-00,1
02-Mar-00,12
03-Mar-00,3
06-Mar-00,10
07-Mar-00,12
08-Mar-00,17
09-Mar-00,13
10-Mar-00,10
13-Mar-00,2
14-Mar-00,0
15-Mar-00,0
16-Mar-00,12
17-Mar-00,11
20-Mar-00,11
21-Mar-00,3
22-Mar-00,13
23-Mar-00,10
24-Mar-00,16
27-Mar-00,13
28-Mar-00,13
29-Mar-00,10
30-Mar-00,15
31-Mar-00,11
03-Apr-00,0
04-Apr-00,14
05-Apr-00,4
06-Apr-00,9
07-Apr-00,6
10-Apr-00,18
11-Apr-00,9
12-Apr-00,6
13-Apr-00,15
14-Apr-00,19
17-Apr-00,16
18-Apr-00,15
19-Apr-00,18
20-Apr-00,10
24-Apr-00,17
25-Apr-00,6
26-Apr-00,3
27-Apr-00,0
28-Apr-00,7
01-May-00,15
02-May-00,7
03-May-00,8
04-May-00,15
05-May-00,7
08-May-00,17
09-May-00,5
10-May-00,16
11-May-00,19
12-May-00,10
15-May-00,5
16-May-00,1
17-May-00,3
18-May-00,0
19-May-00,6
22-May-00,0
23-May-00,0
24-May-00,11
25-May-00,13
26-May-00,9
30-May-00,10
31-May-00,4
01-Jun-00,13
02-Jun-00,10
05-Jun-00,14
06-Jun-00,18
07-Jun-00,13
08-Jun-00,8
09-Jun-00,15
12-Jun-00,9
13-Jun-00,16
14-Jun-00,6
15-Jun-00,19
16-Jun-00,8
19-Jun-00,3
20-Jun-00,16
21-Jun-00,17
22-Jun-00,16
23-Jun-00,8
26-Jun-00,3
27-Jun-00,5
28-Jun-00,11
29-Jun-00,6
30-Jun-00,11
03-Jul-00,15
05-Jul-00,14
06-Jul-00,17
07-Jul-00,17
10-Jul-00,3
11-Jul-00,17
12-Jul-00,3
13-Jul-00,2
14-Jul-00,0
17-Jul-00,2
18-Jul-00,3
19-Jul-00,0
20-Jul-00,16
21-Jul-00,17
24-Jul-00,17
25-Jul-00,7
26-Jul-00,0
27-Jul-00,12
28-Jul-00,7
31-Jul-00,3
01-Aug-00,4
02-Aug-00,3
03-Aug-00,2
04-Aug-00,0
07-Aug-00,13
08-Aug-00,17
09-Aug-00,11
10-Aug-00,17
11-Aug-00,5
14-Aug-00,19
15-Aug-00,8
16-Aug-00,5
17-Aug-00,11
18-Aug-00,0
21-Aug-00,18
22-Aug-00,11
23-Aug-00,15
24-Aug-00,18
25-Aug-00,9
28-Aug-00,14
29-Aug-00,8
30-Aug-00,12
31-Aug-00,18
01-Sep-00,1
05-Sep-00,4
06-Sep-00,16
07-Sep-00,3
08-Sep-00,3
11-Sep-00,0
12-Sep-00,7
13-Sep-00,15
14-Sep-00,0
15-Sep-00,13
18-Sep-00,7
19-Sep-00,17
20-Sep-00,5
21-Sep-00,11
22-Sep-00,0
25-Sep-00,7
26-Sep-00,19
27-Sep-00,16
28-Sep-00,7
29-Sep-00,11
02-Oct-00,12
03-Oct-00,14
04-Oct-00,10
05-Oct-00,5
06-Oct-00,15
09-Oct-00,16
10-Oct-00,12
11-Oct-00,14
12-Oct-00,7
13-Oct-00,10
16-Oct-00,7
17-Oct-00,13
18-Oct-00,8
19-Oct-00,12
20-Oct-00,11
23-Oct-00,14
24-Oct-00,18
25-Oct-00,5
26-Oct-00,19
27-Oct-00,11
30-Oct-00,3
31-Oct-00,0
01-Nov-00,9
02-Nov-00,14
03-Nov-00,9
06-Nov-00,10
07-Nov-00,10
08-Nov-00,19
09-Nov-00,19
10-Nov-00,17
13-Nov-00,14
14-Nov-00,8
15-Nov-00,2
16-Nov-00,1
17-Nov-00,13
20-Nov-00,14
21-Nov-00,7
22-Nov-00,6
24-Nov-00,7
27-Nov-00,10
28-Nov-00,19
29-Nov-00,5
30-Nov-00,10
01-Dec-00,12
04-Dec-00,3
05-Dec-00,18
06-Dec-00,13
07-Dec-00,2
08-Dec-00,17
11-Dec-00,13
12-Dec-00,11
13-Dec-00,0
14-Dec-00,11
15-Dec-00,3
18-Dec-00,0
19-Dec-00,11
20-Dec-00,3
21-Dec-00,19
22-Dec-00,19
26-Dec-00,8
27-Dec-00,14
28-Dec-00,6
29-Dec-00,9
02-Jan-01,2
03-Jan-01,1
04-Jan-01,8
05-Jan-01,5
08-Jan-01,6
09-Jan-01,4
10-Jan-01,16
11-Jan-01,16
12-Jan-01,18
16-Jan-01,23
17-Jan-01,20
18-Jan-01,43
19-Jan-01,49
22-Jan-01,31
23-Jan-01,43
24-Jan-01,32
25-Jan-01,44
26-Jan-01,33
29-Jan-01,46
30-Jan-01,32
31-Jan-01,42
01-Feb-01,22
02-Feb-01,29
05-Feb-01,37
06-Feb-01,53
07-Feb-01,77
08-Feb-01,128
09-Feb-01,136
12-Feb-01,102
13-Feb-01,99
14-Feb-01,119
15-Feb-01,121
16-Feb-01,131
20-Feb-01,101
21-Feb-01,65
22-Feb-01,111
23-Feb-01,102
26-Feb-01,129
27-Feb-01,86
28-Feb-01,61
01-Mar-01,107
02-Mar-01,143
05-Mar-01,67
06-Mar-01,52
07-Mar-01,141
08-Mar-01,136
09-Mar-01,109
12-Mar-01,70
13-Mar-01,133
14-Mar-01,115
15-Mar-01,82
16-Mar-01,119
19-Mar-01,92
20-Mar-01,88
21-Mar-01,69
22-Mar-01,57
23-Mar-01,89
26-Mar-01,98
27-Mar-01,133
28-Mar-01,32
29-Mar-01,25
30-Mar-01,22
02-Apr-01,35
03-Apr-01,25
04-Apr-01,24
05-Apr-01,34
06-Apr-01,23
09-Apr-01,32
10-Apr-01,38
11-Apr-01,38
12-Apr-01,26
16-Apr-01,49
17-Apr-01,43
18-Apr-01,25
19-Apr-01,6
20-Apr-01,1
23-Apr-01,15
24-Apr-01,2
25-Apr-01,5
26-Apr-01,16
27-Apr-01,19
30-Apr-01,8
01-May-01,16
02-May-01,15
03-May-01,19
04-May-01,17
07-May-01,9
08-May-01,7
09-May-01,14
10-May-01,8
11-May-01,18
14-May-01,17
15-May-01,3
16-May-01,6
17-May-01,4
18-May-01,11
21-May-01,8
22-May-01,1
23-May-01,16
24-May-01,7
25-May-01,3
29-May-01,19
30-May-01,9
31-May-01,8
01-Jun-01,8
04-Jun-01,19
05-Jun-01,12
06-Jun-01,5
07-Jun-01,8
08-Jun-01,13
11-Jun-01,3
12-Jun-01,17
13-Jun-01,17
14-Jun-01,12
15-Jun-01,15
18-Jun-01,18
19-Jun-01,10
20-Jun-01,17
21-Jun-01,19
22-Jun-01,4
25-Jun-01,0
26-Jun-01,6
27-Jun-01,18
28-Jun-01,3
29-Jun-01,16
02-Jul-01,2
03-Jul-01,12
05-Jul-01,12
06-Jul-01,15
09-Jul-01,7
10-Jul-01,18
11-Jul-01,13
12-Jul-01,16
13-Jul-01,12
16-Jul-01,6
17-Jul-01,12
18-Jul-01,5
19-Jul-01,13
20-Jul-01,1
23-Jul-01,4
24-Jul-01,13
25-Jul-01,3
26-Jul-01,15
27-Jul-01,12
30-Jul-01,16
31-Jul-01,12
01-Aug-01,14
02-Aug-01,17
03-Aug-01,7
06-Aug-01,2
07-Aug-01,7
08-Aug-01,11
09-Aug-01,17
10-Aug-01,18
13-Aug-01,9
14-Aug-01,5
15-Aug-01,14
16-Aug-01,1
17-Aug-01,15
20-Aug-01,4
21-Aug-01,16
22-Aug-01,10
23-Aug-01,8
24-Aug-01,11
27-Aug-01,3
28-Aug-01,19
29-Aug-01,9
30-Aug-01,0
31-Aug-01,13
04-Sep-01,13
05-Sep-01,19
06-Sep-01,10
07-Sep-01,10
10-Sep-01,0
17-Sep-01,14
18-Sep-01,0
19-Sep-01,8
20-Sep-01,8
21-Sep-01,9
24-Sep-01,9
25-Sep-01,6
26-Sep-01,8
27-Sep-01,7
28-Sep-01,16
01-Oct-01,6
02-Oct-01,9
03-Oct-01,5
04-Oct-01,13
05-Oct-01,5
08-Oct-01,14
09-Oct-01,4
10-Oct-01,0
11-Oct-01,2
12-Oct-01,5
15-Oct-01,14
16-Oct-01,6
17-Oct-01,1
18-Oct-01,3
19-Oct-01,0
22-Oct-01,3
23-Oct-01,1
24-Oct-01,7
25-Oct-01,19
26-Oct-01,7
29-Oct-01,7
30-Oct-01,16
31-Oct-01,0
01-Nov-01,3
02-Nov-01,2
05-Nov-01,12
06-Nov-01,0
07-Nov-01,1
08-Nov-01,16
09-Nov-01,3
12-Nov-01,11
13-Nov-01,6
14-Nov-01,10
15-Nov-01,13
16-Nov-01,11
19-Nov-01,4
20-Nov-01,11
21-Nov-01,3
23-Nov-01,5
26-Nov-01,4
